reportid,reportseq,reporttype,lclass,mclass,title,puborg,author,pubyear
KEI00005421,0,RO,P,P2,지하수 수질기준 및 정화기준 재설정에 대한 정책방향,B090026,이정호,2007  
KEI00005422,0,RO,P,P1,편익이전 방법을 이용한 습지가치 추정: 메타회귀분석을 중심으로,B090026,안소은,2007  
KRIVET00001922,0,RB,D,D5,정년제도 변화에 따른 직업능력개발 방안 연구,B090013,이의규,2009  
KINU00001899,0,RB,K,K3,북한의 포스트 김정일체제 전망,B010002,정영태,2010  
KIC00010894,0,RB,L,L6,형사특별법 정비방안(16) - 국제조약의 국내이행 형사특별법 : 국제조약의 국내이행입법방안,B551368,강우예,2008  
KIHASA00010897,0,RB,I,I3,저출산·고령화가 가족형태 및 개인의 삶의 질에 미치는 영향,B090011,김은지,2010  
KICE00010323,0,RB,M,M3,국내외 고등학교 국어과 교실 학습 연구,B090007,송현정,2009  
NYPI00010324,0,RB,I,I2,조기유학 청소년의 심리사회학 발달과 정책방안연구 Ⅰ : 청소년의 조기유학 결과와 정책방안,B551923,윤철경,2009  
KOTI00014171,0,RB,G,G3,대륙철도를 이용한 국제운송로 발전전략 비교 연구: 러시아와 중국을 중심으로,B552071,성원용,2005  
KLRI00002722,0,M,B,B1,G20 국가의 출구전략에 관한 법제 연구 : 일본,B090015,양만식,2010  
KLRI00002723,0,M,B,B2,재정법제의 현대적 과제(I) : 저출산·고령화 대응,B090015,신영수,2010  
KWDI00014282,0,RC2,I,I1,한국의 이념갈등 현황 및 해소방안,B552118,한준,2006  
KISDI00015447,0,RG,H,H4,지식.정보화 사회와 교육의 미래,B552126,하연섭,2005  
KWDI00015510,0,RC2,I,I4,가족친화적 기업모형개발 연구- 근로자의 생애주기별 가족친화정책을 중심으로 -,B552118,김안나,2007  
KICE00012031,0,RB,M,M3,고등학교 음악과 선택 중심 교육과정 개선 방안 연구,B090007,성경희,2006  
KICE00012032,0,RB,M,M3,고등학교 미술과 선택 중심 교육과정 개선 방안 연구,B090007,양윤정,2006  
NYPI00014361,0,RC1,I,I2,청소년 유해매체 개선 대책 연구 : 인터넷 유해요인과 개인·환경적 보호요소를 중심으로,B551923,서정아,2005  
KEEI00001341,0,RB,E,E1,전력 및 가스 산업의 기업결합에 대한 경제적효과 분석,B410018,이유수,2007  
KLRI00001949,0,RC2,O,O1,해양·수산 규제개혁 사례연구,B090015,류정곤,2010  
STEPI00011585,0,RB,N,N1,SCI와 연구개발 성과 평가,B090039,황석원,2006  
STEPI00011586,0,RB,N,N1,지식재산권 공동관리방안에 대한 연구,B090039,손수정,2006  
KLRI00002285,0,M,O,O5,어업허가 일제정비제도에 관한 입법 평가 : 전자어업허가증의 경제분석,B090015,박광호,2010  
KLRI00002301,0,M,F,F7,녹색도시·건축조성을 위한 법제 정비방안 연구,B090015,정명운,2010  
KOTI00012484,0,RB,G,G4,항공부문 중장기 발전 전략 수립 연구,B552071,김제철,2006  
KEI00012066,0,RB,P,P1,통합적 환경관리체계 구축을 위한 정책방안 연구 I,B090026,정화성,2006  
KINU00001884,0,RB,K,K3,라진·선봉지역 물류분야 남북 협력방안 연구,B010002,김영윤,2010  
KRIHS00013114,0,RB,F,F3,수도권 대규모 개발사업의 집합적 파급영향 분석 및 제도개선 방안,B090029,박상우,2005  
KIC00010482,0,RB,L,L6,형사특별법 정비방안(3) - 특정범죄가중처벌등에관한법률,B551368,전지연,2008  
KIEP00013975,0,M,E,E1,장쑤성(江蘇省) 태양광산업의 발전과 시사점,B090003,노수연,2010  
AURI00013751,0,RO,F,F3,경관계획 수립 및 추진과정에서의 주민참여 활성화 방안 연구,B552131,윤준도,2009  
KLI00014111,0,RB,D,D5,노동이동과 인력개발 연구,B090012,이병희,2005  
KISDI00015124,0,RC2,H,H4,재정정보화 성과분석,B552126,최흥석,2006  
KWDI00013002,0,RG,I,I5,한국 공적개발원조(ODA)의 성 인지적 분석,B552118,김영혜,2008  
KDI00001206,0,RB,B,B4,우리나라 경기변동의 특징 및 안정성 분석,B090001,이재준,2008  
KLRI00013209,0,RB,L,L5,기본법의 입법모델연구,B090015,박영도,2006  
KRIVET00013210,0,RB,D,D5,인적자원 통계시스템 구축 연구,B090013,송창용,2006  
KEEI00001343,0,RB,E,E1,지역 신재생에너지 시설물이 지역사회에 미치는 영향 및 사회적 가치 추정,B410018,배정환,2007  
KDI00001190,0,RB,J,J3,보험약가제도 개선을 통한 건강보험 지출효율화,B090001,윤희숙,2008  
KIPA00008861,0,RB,L,L1,행정정보 공동이용의 평가와 개선방안 연구,B090006,홍재환,2009  
KWDI00012985,0,RG,I,I5,공공지출이 성불평등에 미치는 영향(2) 건강보험 급여의 성불평등에 관한 연구,B552118,최은숙,2008  
B55207100024317,0,M,G,G1,2030 교통정책 혁신방안 추진연구,B552071,한국교통연구원,2012  
STEPI00002563,0,RB,N,N2,사용자혁신과 기술혁신 시스템,B090039,김영배,2008  
KICE00012024,0,RB,M,M3,고등학교 수학과 선택 중심 교육과정 개선 방안 연구,B090007,최승현,2006  
KREI00015628,0,RB,O,O2,농촌지역 사회적기업의 역량 강화 방안,B090028,마상진,2010  
KOTI00007581,0,RB,G,G3,도로사업의 계획기준 합리화 방안 연구,B552071,이동민,2010  
KICE00007530,0,RB,M,M1,2010 KICE-CRESST 공동연구 : CRESST 형성평가 프로그램 적용을 통한 효과적인 교육 방안 연구,B090007,이봉주,2010  
KREI00007541,0,M,O,O2,농가소득정책의 선진화 과제,B090028,정호근,2007  
KREI00011284,0,RB,O,O2,친환경농산물 인증제도 개선방안,B090028,신용광,2007  
KRIVET00001681,0,RB,D,D1,선진외국 직업분석을 통한 한국의 신규창출가능 직업에 관한 연구,B090013,이영대,2010  
KEDI00010006,0,RC2,J,J1,사회지출이 경제성장에 미치는 효과에 관한 연구(2차년도) 사회적 자본 수준 정책 분석 및 교육투자 효율화 방안,B090011,홍영란,2009  
KICE00010663,0,RB,M,M3,교원임용시험 소수인원 선발과목의 전형체제 개선방안,B090007,조동섭,2009  
KDI00001408,0,RB,B,B4,국고채 경매에 관한 연구,B090001,윤경수,2010  
KRIHS00008265,0,RB,F,F1,국가공간정보에 대한 세계측지계의 체계적 적용방안,B090029,신동빈,2007  
KOTI00014178,0,RO,G,G1,교통영향평가DB 구축방안,B552071,조준행,2005  
KIEP00014370,0,RB,C,C1,중국의 비즈니스환경 변화와 외자기업의 대응전략,B090003,박월라,2006  
KLI00014371,0,M,D,D2,자발적 이직자 구직급여 지급의 영향평가,B090012,황덕순,2005  
KMI00014381,0,RB,G,G5,컨테이너 터미널의 원가 회수를 위한 처리물동량 산정 연구 - 정부측면과 민간측면의 원가회수를 중심으로 -,B090014,전찬영,2005  
KOTI00014177,0,RO,G,G3,철도서비스 평가체계 구축방안 연구(2단계),B552071,이장호,2005  
KMI00003564,0,RO,O,O5,천일염의 고부가가치 식품산업화를 위한 정책방향 연구,B090014,주문배,2009  
B55207100024315,0,M,G,G2,Toward an Integrated Green Transportation System in Korea(Ⅱ),B552071,Kee Yeon HWANG,2011  
B55207100024316,0,M,G,G1,2011 연차보고서,B552071,한국교통연구원,2012  
KRIVET00013163,0,RB,D,D5,직업능력개발 훈련 수요 조사: 광주지방노동청,B090013,전재식,2006  
KLI00014362,0,RG,J,J7,산재보험제도 발전방안에 대한 연구 (재활 복지),B090012,윤조덕,2005  
STEPI00002185,0,RB,N,N4,과학기술 국제협력 신규범 출현과 주요 시사점 - 기초과학연구에 대한 통제 강화를 중심으로 -,B090039,최영식,2008  
KLRI00002302,0,M,B,B1,G20 국가의 출구전략에 관한 법제 연구 : 호주,B090015,김성호,2010  
KLRI00002303,0,M,L,L1,중앙과 지방재정의 관계에 대한 법제 연구,B090015,김세진,2010  
KLRI00002321,0,RB,L,L5,기업 등 국민부담 경감을 위한 보고·신고제도 개선방안 연구,B090015,강현철,2010  
KLRI00002322,0,M,E,E4,우즈베키스탄공화국의 지하자원 법제,B090015,박광동,2010  
KOTI00005024,0,RO,G,G1,2005년 전국 교통혼잡비용 산출과 추이 분석,B552071,조한선,2007  
NYPI00010361,0,RB,J,J4,북한이탈 청소년 종합대책 연구 Ⅲ : 대안학교 재학 북한이탈 청소년들의 진로탐색 프로그램 개발연구,B551923,김경준,2008  
NYPI00010363,0,RC2,J,J4,"청소년기 사회화과정의 국제비교 연구 Ⅲ: 청소년기 사회화과정의 환경 국제비교: 교육, 가족, 청소년정책을 중심으로",B551923,김지연,2008  
KLRI00002282,0,RB,P,P1,환경규제기준의 선진화를 위한 법제 정비방안 연구,B090015,신옥주,2010  
KLRI00002284,0,M,B,B1,G20 국가의 출구전략에 관한 법제 연구 : EU·터키·이탈리아,B090015,이준호,2010  
KWDI00009591,0,RG,J,J1,여아와 여성이 안전한 지역사회 환경 조성방안 (Ⅰ),B552118,장미혜,2009  
KIPA00013924,0,RB,L,L1,고위공무원단 후보자 양성 교육훈련에 관한 연구,B090006,진종순,2005  
KREI00013926,0,M,O,O3,축산업 정책의 선진화를 위한 과제,B090028,박성재,2008  
KIET00001423,0,RB,C,C2,중소기업의 글로벌 역량 강화 방안,B090008,이영주,2007  
KIET00001424,0,RB,B,B1,한국경제의 발전경로와 지역정책,B090008,최윤기,2007  
KIET00001441,0,RB,C,C4,경제성장에 따른 수출가격과 상품다양성의 관계 연구- 수출품 다양성과 차별화 효과를 고려한 수출가격지수 개발과 추정 -,B090008,강기천,2007  
KRIHS00000511,0,RB,F,F4,저소득층 주거안정과 내 집 마련을 위한 정책방안 연구【총괄보고서】,B090029,이수욱,2010  
KIPA00001981,0,RB,J,J1,위험분석에 기반한 규제정책의 활성화 방안 - 산업안전보건 분야를 중심으로 -,B090006,김신,2007  
KLRI00002743,0,RB,L,L5,(별책 2) 기업 등 국민부담 경감을 위한 보고·신고제도 개선방안 연구,B090015,강현철,2010  
KWDI00014430,0,RB,I,I5,세계화와 아시아에서의 여성 이주에 관한 연구,B552118,이선주,2005  
KICCE00014425,0,RB,I,I6,국가수준의 유치원 평가 체계화 연구,B552655,장명림,2010  
KISDI00006607,0,M,H,H1,가상현실 내에서의 사회정치구조의 형성과 변화,B552126,이연호,2008  
KIEP00010342,0,RB,C,C4,중국 소비시장의 특징과 진출전략,B090003,지만수,2008  
KMI00004409,0,RC2,E,E2,해양에너지 산업화 지원방안 연구,B090014,황기형,2010  
KEDI00004410,0,RB,M,M1,탈북학생의 교육실태 분석 및 지원방안 연구,B090027,한만길,2009  
KRIVET00002072,0,RB,D,D1,한국 교육 고용 패널 조사(2009),B090013,채창균,2009  
STEPI00002586,0,RB,N,N2,기술혁신활동 촉진을 위한 공공기술구매정책 활성화 방안에 관한 연구,B090039,변혜영,2007  
KINU00013683,0,RG,K,K3,평화를 통한 국가 이미지 제고와 통일과정에서의 활용 방안,B010002,이헌근,2006  
B55207100024310,0,M,G,G3,2002 해외도로교통동향,B552071,권영인,2003  
B55207100024311,0,M,G,G3,일본의 도로교통안전백서,B552071,이한준,2003  
B55207100024312,0,M,G,G1,한국의 교통 Transport in Korea,B552071,한국교통연구원,2003  
B55207100024314,0,M,G,G1,2003 국가 주요 교통통계,B552071,한국교통연구원,2004  
KINU00013660,0,RG,K,K3,국내외 북한인권 동향 평가와 인권개선 로드맵,B010002,서보혁,2006  
KEI00007663,0,RB,P,P1,기후변화 대응을 위한 적정 하천공간 확보방안(II),B090026,강형식,2010  
KEI00007721,0,RB,P,P1,기후변화 대응을 위한 수질 제어 및 관리방안(I),B090026,안종호,2010  
KRIVET00013195,0,RB,D,D1,중소기업 연계형 제대군인 취업지원 프로그램 개발,B090013,박동열,2006  
KIHASA00010889,0,RB,I,I3,저출산 원인과 파급효과 및 정책방안,B090011,이삼식,2010  
KLRI00002713,0,M,K,K1,주요국가의 ODA법제 연구 : 벨기에,B090015,박기갑,2010  
KLRI00002714,0,M,C,C2,낙후지역 중소기업 육성을 위한 법제 개선방안 연구,B090015,한정미,2010  
KIC00011152,0,RB,L,L5,강력사건 및 자살에 대한 언론보도의 실태와 문제점,B551368,박형민,2009  
B55207100024308,0,M,G,G1,日本 第7次 交通安全基本計劃,B552071,설재훈,2001  
STEPI00011587,0,RB,N,N2,"신기술의 환경성 분석 사전연구 - IT, NT, BT를 중심으로 -",B090039,유의선,2006  
KIET00014321,0,M,C,C2,중소기업의 고용창출구조 고도화 방안,B090008,조영삼,2005  
KDI00013643,0,RB,B,B1,미시자료를 이용한 총소비함수의 추정: 가구패널자료를 이용하여,B090001,허석균,2005  
KINU00000369,0,RC2,K,K3,북한개발지원의 이론과 포괄적 전략,B010002,박형중,2009  
KINU00000370,0,RC2,K,K3,북한개발지원의 쟁점과 해결방안,B010002,김정수,2009  
KRIVET00001525,0,RB,D,D1,직업기초능력 영역 및 성취기준 연구,B090013,주인중,2010  
KDI00013640,0,RB,B,B2,재정사업평가체계의 발전과정과 현황: 해외사례를 중심으로,B090001,윤희숙,2005  
KDI00001402,0,RB,L,L2,공천제도와 입법생산성: 정치경제학적 구조 및 영향,B090001,김재훈,2010  
KEEI00001403,0,RO,E,E1,유가 100달러 시대: 그 영향과 시사점,B410018,이원우,2007  
KDI00001405,0,RB,D,D1,이민 및 외국인력 유입이 노동시장에 미치는 중장기 효과,B090001,최경수,2010  
KMI00004542,0,M,O,O5,한국 수산업의 선진 산업화 전략 연구,B090014,김정봉,2010  
KIC00014142,0,RC2,L,L6,마약범죄 통제를 위한 예산정책 연구,B551368,권오성,2005  
KIHASA00010982,0,RB,J,J1,2010 보건복지재정의 정책과제,B090011,유근춘,2010  
STEPI00002551,0,RB,N,N4,과학기술인력양성 정책의 효과 및 정합성 평가에 관한 연구,B090039,김광구,2008  
KICE00009590,0,RB,M,M1,국가수준 학업성취도 평가 결과 추이 (2003년~2008년) : 고등학교 1학년,B090007,정은영,2009  
KLI00012402,0,RG,D,D1,자영업의 실태와 정책과제,B090012,금재호,2006  
KLI00012405,0,RB,D,D2,중소제조업의 고용관계,B090012,배규식,2006  
KIC00007121,0,RB,L,L5,형법각칙 개정연구[4]-개인적 법익에 관한 죄(3): 성범죄규정,B551368,윤동호,2007  
STEPI00000202,0,RB,N,N1,기술혁신과 일자리 창출 : 고용확대를 위한 기술혁신 지원정책,B090039,이공래,2010  
KICE00009761,0,RB,M,M3,수학 · 과학 성취도 추이변화 국제비교 연구 : TIMSS 2007 결과 보고서,B090007,김경희,2008  
B09002700024306,0,M,M,M1,2012 교육통계분석자료집 -평생교육통계편,B090027,김영철,2012  
B55207100024307,0,M,G,G1,99 연구총서 및 정책연구보고서 요약집,B552071,강승필,2000  
KIPF00001145,0,RB,B,B3,지방교부세 배분방식 개편에 관한 연구,B090002,안종석,2008  
KIPF00001146,0,M,B,B1,"한국의 민간기부에 관한 연구- 규모, 구조와 특징, 관련 정책방향",B090002,손원익,2008  
KIPA00008384,0,RB,L,L1,수요자 중심의 행정시스템 구축방안 연구-각론,B090006,황혜신,2010  
KIC00010542,0,RB,L,L6,형사특별법 정비방안(7) - 환경·교통 분야,B551368,이승현,2008  
KRIVET00001409,0,RB,D,D1,서비스 산업의 자격 연구(Ⅰ) : 보건 및 사회복지 서비스업 중심으로,B090013,박종성,2010  
B09002700024304,0,M,M,M1,2012 교육통계분석자료집 -유·초·중등교육통계편,B090027,신익현,2012  
B09002700024305,0,M,M,M1,2012 교육통계분석자료집 -고등교육·취업통계편,B090027,신익현,2012  
KLRI00002323,0,RB,L,L5,북한 법령의 국제화 추세에 관한 연구,B090015,손희두,2010  
KICCE00014750,0,RO,M,M2,2008년 유아교육 홍보강화 사업,B552655,김은영,2008  
KINU00014751,0,RB,K,K3,북한청소년의 교육권 실태: 지속과 변화,B010002,임순희,2005  
KIPA00013895,0,RB,L,L3,중소기업의 규제부담 완화방안,B090006,김 신,2005  
KEI00007961,0,RO,P,P1,환경성평가에 있어서 서식지 조사 및 보전방안,B090026,노백호,2010  
AURI00013655,0,RB,F,F3,지속가능성을 고려한 U-City 실현방안 연구,B552131,오성훈,2010  
KIHASA00011650,0,RB,J,J1,2006년 전국 출산력 및 가족보건 복지실태조사,B090011,김승권,2006  
NRCS00000021,0,RC2,I,I1,사회통합을 위한 갈등관리제도의 효율화 방안,B551541,이창균,2010  
KRIVET00003403,0,RB,D,D5,신정부 인재정책의 방향과 주요과제,B090013,진미석,2008  
NYPI00007022,0,RC2,I,I2,"청소년 핵심역량 개발 및 추진방안 연구 Ⅲ : 수련시설기반 프로그램 시범사업 - 사회적 상호작용, 자율적 행동",B551923,권일남,2010  
NYPI00007023,0,RB,J,J4,한국 청소년 지표 조사 Ⅴ : 청소년 건강실태 국제비교 조사(한ㆍ미ㆍ일ㆍ중 4개국 비교),B551923,최인재,2010  
KIET00001965,0,RB,C,C1,한·중·일 국제분업구조 분석과 협력증진 방향,B090008,오영석,2010  
KIET00001966,0,RB,C,C4,표준과 경쟁우위 - 성장과 국제무역을 중심으로 -,B090008,최현경,2010  
KIET00001967,0,RB,C,C1,중국의 구조변화 전망과 우리 산업의 중장기 대응전략,B090008,조철,2010  
KEDI00004829,0,RB,M,M1,한국교육종단연구 2005(v),B090027,임현정,2009  
KREI00015584,0,RB,K,K2,FTA 대상국의 농산물 협상 사례분석: 중국의 FTA 사례분석,B090028,어명근,2010  
KIPA00013921,0,RB,D,D4,공무원 노사관계 성공사례 연구,B090006,백종섭,2005  
B09002700024301,0,M,M,M5,2012 한국 성인의 평생학습실태,B090027,김영철,2012  
KISDI00015688,0,RG,N,N4,컨버전스 환경에 대비한 과학기술 경쟁력 확보,B552126,손상영,2006  
KLRI00001923,0,M,C,C3,기준인증제도 선진화를 위한 법제정비방안 연구,B090015,최환용,2010  
KINU00001924,0,RB,K,K3,남북협력과 동북아협력 연계 추진방안,B010002,김규륜,2007  
KLI00006248,0,M,D,D1,중고령자의 건강과 노동공급 - 실증적 접근 -,B090012,이승렬,2008  
KISDI00008002,0,M,H,H1,디지털 문화산업의 융합기술에 대한 철학적 성찰,B552126,이종관,2010  
KRIVET00013304,0,RB,M,M1,e-Learning의 사회적 관리체계,B090013,권성연,2006  
KIC00011305,0,RB,L,L6,사이버범죄의 새로운 유형과 형사정책적 대안연구,B551368,이원상,2010  
KIEP00013804,0,RC2,K,K1,부상하는 강대국 인도의 최근 동향과 시사점,B090003,라윤도,2010  
KDI00001303,0,RB,D,D1,비정규직 문제 종합 연구,B090001,유경준,2009  
B09002700024299,0,M,M,M1,지표로 본 세계 속의 한국교육,B090027,김창환,2012  
KEEI00000406,0,RB,E,E2,미래 수소경제 실현을 위한 기반구축 연구 - 수송부문의 수소공급 인프라 구축,B410018,부경진,2009  
KEEI00000492,0,M,E,E1,KEEI 2009 연차보고서,B410018,KEEI,2010  
KDI00001304,0,RB,K,K3,남북한 교역구조의 변화와 정책적 시사점,B090001,고일동,2009  
NYPI00012257,0,RB,I,I2,청소년 비행 및 범죄 응답 패턴에 대한 종단분석,B551923,김기헌,2006  
KREI00000162,0,RB,O,O2,친환경 농자재의 효율적 이용과 관리를 위한 제도개선,B090028,강창용,2008  
STEPI00011530,0,RB,N,N1,탈추격형 기술혁신체제의 모색,B090039,송위진,2006  
KISDI00007863,0,RB,H,H1,글로벌 이슈에 대한 국제기구 ICT 분야의 대응논의와 시사점,B552126,남상열,2010  
KLRI00013226,0,RB,L,L5,OECD 기업지배구조원칙의 국내법 수용에 관한 연구,B090015,최성근,2006  
KREI00000163,0,RB,O,O2,UR  이후 농업부문 시장개방 영향 분석,B090028,김정호,2008  
KIPA00008681,0,RB,L,L2,효과적 정책관리를 위한 특정평가제도 및 방법론 개선방안,B090006,강영철,2009  
KDI00012222,0,RB,L,L1,사회기반시설 민간투자사업의 위험관리방안,B090001,심상달,2006  
KREI00000141,0,RB,O,O4,목재의 수급 모형 구축 및 전망,B090028,이상민,2008  
KRIHS00012745,0,RB,F,F1,국토의 자연훼손 진단 및 대책에 관한 연구,B090029,최영국,2006  
KEDI00004881,0,RB,M,M1,국가 수준 학업성취도 평가 활용 체제 구축 연구,B090027,김양분,2009  
B09002700024297,0,M,M,M1,OECD 교육지표Education at a GlanceOECD Indicators2012,B090027,신익현,2012  
KREI00000145,0,RB,O,O2,선진국형 농정으로의 전환을 위한 연구,B090028,박성재,2008  
KMI00014384,0,RB,D,D1,어촌여성의 노동실태와 정책과제,B090014,최성애,2005  
KREI00000150,0,RB,O,O2,전업농 위험관리방안 연구,B090028,황의식,2008  
KOTI00012478,0,RB,G,G1,초기 교통수요 형성의 특성규명을 통한 교통수요분석의 신뢰도 제고방안 연구,B552071,장수은,2006  
KREI00015557,0,RB,O,O2,도시농업의 비전과 과제,B090028,김태곤,2010  
KINU00014842,0,RG,K,K3,통일환경 및 남북한관계 전망: 2005∼2006,B010002,통일연구원,2005  
KMI00002762,0,RO,O,O5,어촌지역 리더 육성과 지원방안,B090014,이승우,2007  
KEEI00001725,0,RB,E,E1,동북아 지역의 CDM 협력사업 기반구축 연구(II),B410018,오진규,2007  
KIET00001726,0,RB,D,D5,고급인적자원의 광역권 간 이동과 정책적 시사점,B090008,김동수,2009  
KIEP00012857,0,RC2,K,K4,마약·조직범죄·해적 등 동남아의 초국가적 위협에 대한 지역적 협력방안,B090003,한용섭,2010  
KRIHS00000115,0,RO,F,F4,공동주택 공시가격 조사체계에 관한 연구,B090029,정희남,2010  
KICE00009762,0,RB,M,M3,국가수준 학업성취도 평가 결과 추이(2003년~2007년) : 초등학교 6학년,B090007,양길석,2008  
KIPA00008762,0,RB,L,L2,중앙행정기관 성과관리시스템의 실태분석 및 개선방안 연구,B090006,윤수재,2009  
KEEI00000081,0,RG,E,E5,미래 수소경제 실현을 위한 기반구축 연구: 가정상업 및 발전 부문의 수소공급 인프라 구축,B410018,부경진,2010  
KIPA00013885,0,RB,L,L1,평가와 감사의 연계방안,B090006,공병천,2005  
KICE00009763,0,RB,M,M3,국가수준 학업성취도 평가 결과 추이(2003년~2007년) : 중학교 3학년,B090007,양길석,2008  
KIHASA00009427,0,RB,I,I3,저출산 고령화 대책의 조직 및 평가체계 효율화 방안,B090011,조남훈,2007  
KOTI00014180,0,RO,G,G1,2003년 교통사고비용 추정에 관한 연구,B552071,심재익,2005  
KIC00011030,0,RB,L,L5,교도작업의 개선방안 연구 : 교도작업의 법적 지위의 정비를 중심으로,B551368,탁희성,2010  
KIHASA00011031,0,RB,J,J1,2009 한국복지패널 심층분석 보고서: 한국복지패널을 활용한 사회지표 분석,B090011,김미곤,2010  
KICCE00015553,0,RB,I,I6,영아 양육지원 종합 대책 방안,B552655,서문희,2007  
KIEP00009141,0,M,K,K1,Global Imbalances and Developing Countries: Remedies for a Failing International Financial System,B090003,Jan Joost Teunissen,2007  
KOTI00007083,0,RO,G,G3,4대강 정비사업과 연계된 하천변 자전거 도로 건설을 위한 기초 연구,B552071,신희철,2009  
KIPF00001041,0,M,B,B1,사회서비스의 민간위탁과 성과계약 : 주요 쟁점과 정책적 시사점,B090002,박노욱,2009  
KIPF00001042,0,M,B,B3,경제위기 극복을 위한 외국의 조세·재정정책 동향,B090002,전병목,2009  
KIHASA00010002,0,RC2,I,I1,경제 사회 양극화의 현황과 대응 방안(3차년도) 사회통합을 위한 고용 교육정책의 전략과 과제,B090011,전병유,2009  
KIHASA00010004,0,RC2,J,J1,사회지출이 경제성장에 미치는 효과에 관한 연구(2차년도) 사회지출이 경제성장에 미치는 효과에 관한 연구 (총괄보고서),B090011,원종욱,2009  
KREI00012643,0,M,O,O2,인공위성을 이용한 벼 재배면적 조사 시범연구,B090028,김배성,2010  
KIHASA00010009,0,RC2,P,P1,기후변화 녹색성장 종합연구 녹색성장과 생활환경,B090011,변용찬,2009  
KINU00000328,0,RB,K,K3,북한경제의 시장화 실태에 관한 연구,B010002,임강택,2009  
KEI00007461,0,RB,P,P1,환경가치 DB 구축 및 원단위 추정(II),B090026,안소은,2010  
KISDI00007462,0,M,H,H1,디지털 컨버전스 기반 미래연구(Ⅰ) 총괄보고서,B552126,황주성,2009  
AURI00013583,0,RB,L,L5,녹색성장을 위한 건축관련 법·제도정비에 관한 연구,B552131,김진욱,2010  
KEI00005318,0,RB,P,P1,환경책임과 환경피해보험제도의 제도화방안에 관한 연구,B090026,한상운,2010  
KEEI00012483,0,RO,E,E1,에너지세제개편이 승용차 연료선택에 미치는 영향 분석,B410018,최도영,2006  
KRIVET00001683,0,RB,D,D5,OECD-KRIVET : Skills beyond School: Post Secondary VET,B090013,김형만,2010  
KEEI00000393,0,RB,E,E5,新고유가 대응전략 연구 新고유가 대응정책의 경제적 효율성 분석,B410018,이철용,2009  
STEPI00011501,0,RB,N,N1,기술혁신지원제도의 효과분석과 개선방안,B090039,신태영,2006  
KLRI00013115,0,M,L,L5,일본의 경관보호법제,B090015,최환용,2005  
KWDI00011814,0,RG,I,I5,제주지역 성별영향평가의 성과와 과제,B552118,정영태,2010  
B09002700024293,0,M,M,M1,2012 간추린 교육통계(국문),B090027,신익현,2012  
KLRI00002341,0,M,E,E5,발전차액지원제도(FIT)와 의무할당제도(RPS)의 입법적 검토 : 일본 RPS법을 중심으로,B090015,이준서,2010  
KEEI00000488,0,RB,E,E2,해외자원개발 전략 연구 - 아프리카 자원개발 진출 전략 연구,B410018,정우진,2009  
KMI00002761,0,RO,O,O5,수산부문 유통협약 및 자조금사업 활성화 방안,B090014,황기형,2007  
KLI00000024,0,RB,D,D2,고용안정과 가족구조,B090012,안태현,2010  
KRIHS00013119,0,RB,F,F3,도시경관 관리제도 정비방안 연구,B090029,민범식,2005  
KICCE00014761,0,RO,M,M2,혁신적 육아정책 수립을 위한 의견 수렴 통합관리체제 구축 방안 연구: KICCE i-POL 사업 결과보고서,B552655,문무경,2007  
KWDI00014762,0,RO,K,K4,북경행동강령 이행 15주년 점검 및 향후 과제,B552118,이선주,2010  
KLRI00005245,0,RB,L,L3,지방재정지원제도에 관한 법제연구(Ⅳ) : 프랑스,B090015,전훈,2008  
KLRI00005246,0,RB,L,L3,지방재정지원제도에 관한 법제연구(Ⅴ) : 미국,B090015,윤현석,2008  
KMI00002781,0,RO,O,O5,컨테이너터미널 에너지비용 절감방안 연구,B090014,김우선,2007  
KRIVET00002924,0,RB,D,D1,인적자원종합정보 생성·제공사업(2008),B090013,이상돈,2008  
B09002700024291,0,M,M,M1,통계로 본 한국과 세계교육(10)대학등록금과 대학재정,B090027,강영혜,2012  
KISDI00007554,0,M,H,H1,융합미디어를 활용한 공공－민간 상호작용 확대방안 연구,B552126,정국환,2009  
KISDI00007562,0,M,H,H1,미디어 컨버전스와 감각의 확장: 감각확장 미디어의 사용성에 대한 연구,B552126,정동훈,2009  
KLI00014367,0,M,D,D2,일자리창출 지원을 위한 고용안정사업 개편방안,B090012,금재호,2005  
KIC00011144,0,RB,L,L6,명정상태 범죄자의 형사책임과 개선방안,B551368,한상훈,2009  
KEI00005482,0,RB,P,P1,교통소음의 건강영향에 대한 환경적 고찰,B090026,선효성,2007  
B09002700024290,0,M,M,M1,통계로 본 한국과 세계교육(9)교육과 노동시장,B090027,강영혜,2012  
KRIVET00001749,0,RB,D,D5,교정시설 수형자 직업훈련 실태 및 개선방안,B090013,김기홍,2010  
KIC00010581,0,RB,L,L6,형사특별법 정비방안(15) - 주요선진국의 형사특별법제 연구 : 주요외국의 형법개정내용과 특별형법전과의 관계,B551368,도중진,2008  
KEI00012212,0,RO,P,P1,소수력발전소 개발사업의 환경적 고찰,B090026,권영한,2006  
STEPI00000420,0,RB,N,N1,중국의 바이오헬스 산업기술정책동향,B090039,홍성범,2010  
KRIVET00002067,0,RB,D,D5,UNESCO Regional Center 사업(2009) : 개발도상국 직업교육훈련분야 전문가 연수 프로그램 개발,B090013,김미숙,2009  
KRIVET00003682,0,RB,D,D1,직업능력개발제도의 변천과 과제,B090013,정택수,2008  
STEPI00011562,0,RB,N,N4,기술혁신 중소기업 정책금융의 효과적인 성과관리를 위한 성과평가방안 - 중소벤처기업창업자금을 중심으로 -,B090039,배경화,2006  
STEPI00011563,0,RB,N,N1,해외자회사 기술개발 수준 결정요인 분석을 위한 연구모형 구축,B090039,김완민,2006  
KLI00012374,0,RG,D,D4,복수노조 환경하의 노사관계 연구,B090012,전명숙,2006  
NYPI00012375,0,RB,I,I2,청소년 참여권 현황과 지표개발,B551923,강현아,2006  
KLI00012376,0,M,D,D1,사회보험 적용·징수 일원화와 향후 과제,B090012,장신철,2006  
KRIHS00009101,0,RO,F,F4,주요 주택규제의 평가와 개선방안 연구,B090029,배순석,2008  
KIPF00001585,0,RB,D,D5,신 아시아 구상 실현을 위한 對아세안 직업교육훈련 공적개발원조(ODA) 활성화 방안(Ⅰ),B090002,최영렬,2010  
KEI00007624,0,RB,P,P1,기후변화 적응 강화를 위한 사회기반시설의 취약성 분석 및 대응방안 연구(II),B090026,명수정,2010  
B09002700024287,0,M,D,D1,2011 KEDI 연차보고서 2011 Annual Report,B090027,김태완,2012  
KIC00012183,0,RC2,L,L6,범죄피해자지원센터의 운영현황 및 활성화 방안,B551368,김지선,2006  
KIPA00006701,0,RB,L,L1,행정정보시스템이 공공조직효과성에 미치는 영향 - 온나라 BPS 시스템을 중심으로 -,B090006,임준형,2007  
KISDI00007544,0,M,H,H3,녹색성장 전략에서 차세대 통신망의 역할,B552126,홍성걸,2009  
KRIHS00000507,0,RB,E,E1,자원개발 연계형 해외건설 및 플랜트 진출지원 방안 연구(Ⅱ),B090029,김성일,2010  
KISDI00006610,0,M,H,H1,미디어과잉과 사회의 불확실성의 증가,B552126,구교태,2008  
KIPF00001188,0,RB,B,B3,세무조사제도 개혁방안,B090002,오윤,2007  
KEI00007684,0,RB,P,P1,기후변화 대응을 위한 수자원 네트워크 구축 방안(I),B090026,이진희,2010  
KIHASA00009428,0,RB,I,I3,사회교육기관의 저출산 고령화대책 교육실태와 활성화 방안연구,B090011,오영희,2007  
KICE00009766,0,RB,M,M3,2007년 국가수준 학업성취도 평가 연구 : 사회,B090007,박은아,2008  
KREI00014001,0,M,P,P1,기후변화 대응 농업부문 녹색성장 전략,B090028,김창길,2009  
KREI00014002,0,M,O,O2,농업관측 품목별 표본농가 재설계 연구,B090028,김정호,2009  
NYPI00003512,0,RC2,J,J4,한민족청소년 인적자원활용을 위한 글로벌 네트워크 구축방안 연구Ⅱ : 국내체류 해외한민족 청소년 실태조사를 중심으로,B551923,조혜영,2007  
NYPI00003521,0,RC2,I,I2,"청소년기 사회화과정의 국제비교 연구Ⅱ:부모자녀관계, 교사학생환계, 또래관계를 중심으로",B551923,김현철,2007  
KINU00014825,0,RB,K,K3,북한의 형사법제상 형사처리절차와 적용 실태,B010002,김수암,2005  
KINU00014827,0,RB,K,K3,북한체제의 분야별 실태평가와 변화전망: 중국의 초기 개혁개방과정과의 비교분석,B010002,이교덕,2005  
KMI00014405,0,RB,P,P1,우리나라 모래해안의 실태와 환경관리방안,B090014,김종덕,2005  
KIPF00001064,0,M,B,B2,최근 주요국의 재정건전화 정책 및 우리나라의 정책과제,B090002,박형수,2009  
KIPF00001066,0,M,B,B2,주요국의 국가채무관리 비교 및 분석,B090002,송호신,2009  
KMI00014406,0,RB,G,G6,모래 수입물류 효율화 방안,B090014,최재선,2005  
KINU00014829,0,RB,K,K3,북한의 경제개혁과 이행,B010002,이석,2005  
KINU00014833,0,RB,K,K4,미국 외교정책에서의 정책연구기관(Think Tanks)의 역할과 한반도 문제,B010002,박영호,2005  
KISDI00015424,0,RG,H,H4,한국사회의 메가트렌드,B552126,김문조,2005  
KICCE00014625,0,RO,I,I6,표준보육과정 활용도 제고 방안 - 표준보육과정 개정안 해설서 작성을 중심으로-,B552655,서문희,2010  
KRIVET00002041,0,RB,D,D1,기업체 근로자 역량진단 운영실태 분석,B090013,주인중,2009  
KEEI00002042,0,RB,E,E1,IEA/EIA 세계 에너지 전망과 시사점,B410018,박광수,2008  
KOTI00007601,0,RB,F,F3,도시개발사업의 선대중교통-후개발 체계 정립에 관한 연구,B552071,성현곤,2010  
AURI00013697,0,RB,F,F7,공공청사 건축디자인 기준 설정 방안 연구,B552131,염철호,2010  
KEEI00012387,0,RB,E,E1,전력산업의 환경변화에 따른 전력산업의 구조 및 효율성변화 연구,B410018,이유수,2006  
KEEI00012394,0,RB,E,E2,수소경제 이행에 따른 경제적 파급효과 분석,B410018,배정환,2006  
KLI00012396,0,M,D,D1,임금체계의 실태와 정책과제,B090012,김동배,2006  
KIC00009783,0,RB,L,L6,인터넷상 명예훼손의 합리적 대응방안,B551368,정완,2007  
KICE00009801,0,RB,M,M3,"국내외 교실 학습 연구(II) : 우리나라, 핀란드, 호주의 중학교 과학 수업을 중심으로",B090007,홍미영,2008  
KRIVET00004262,0,RC2,D,D1,청년층의 숙련 불일치와 직장이동,B090013,엄미정,2007  
KIPF00013427,0,RB,B,B2,재정의 유지 가능성과 세입·세출의 인과관계 검정,B090002,박기백,2006  
KINU00015125,0,M,K,K4,일본의 보수우경화 동향분석,B010002,김영춘,2005  
KINU00015129,0,M,K,K3,북한 최고인민회의 제11기 제3차 회의 결과 분석,B010002,박형중,2005  
KWDI00013785,0,RB,I,I5,공공부문 여성참여확대정책의 발전방안 연구,B552118,문미경,2006  
KIPF00014722,0,RG,B,B4,미국의 금융소득과세제도 - 파생금융상품을 중심으로 -,B090002,홍범교,2005  
KRIHS00012709,0,M,F,F1,지방분산·분권과 국토균형발전의 대응과제(II) : 국가균형발전 정책의 지방화를 위한 대응과제 : 자료집 (3),B090029,서태성,2006  
KIPA00008262,0,RB,L,L4,효과적인 갈등해결을 위한 소통방안 연구 : 제주 해군기지사례의 교훈,B090006,은재호,2010  
KIET00000477,0,RB,C,C3,지역산업의 기술이전 성공요인분석 및 활성화방안,B090008,김정홍,2006  
KLRI00003178,0,M,B,B1,G20 국가의 출구전략에 관한 법제 연구 : 중국,B090015,유예리,2010  
KISDI00007447,0,RC1,H,H1,방통융합 환경 하에서의 다양성 개념 정립과 정책방향 연구,B552126,조동기,2009  
KEI00008806,0,RB,P,P1,개발사업 생태계훼손사고 대응 매뉴얼 구축,B090026,박하늘,2010  
KRIHS00012710,0,RB,F,F3,광역대도시권 SOC 정책의 새로운 방향(Ⅱ) - 전략교통모형을 중심으로 -,B090029,김경석,2005  
B09002700024285,0,M,M,M3,테마로 보는 2011 유초중등 교육통계 고등학교 유형 변경 중심으로,B090027,신익현,2011  
KISDI00006603,0,M,H,H1,공론장과 집합행동의 변화,B552126,송현주,2008  
KREI00013958,0,M,O,O2,네덜란드 농업정책의 변화와 미래과제,B090028,정호근,2008  
KOTI00007361,0,RB,G,G1,대중교통 이용 스트레스의 계량화에 관한 연구,B552071,박정욱,2010  
KICE00007381,0,RB,M,M3,국어과 교육 내용 개선 방안 연구 : 교육과정 내용 관련 쟁점을 중심으로,B090007,윤현진,2009  
KOTI00012524,0,RO,G,G3,도로교통 안전사업의 효율적 추진방안,B552071,설재훈,2006  
STEPI00012542,0,RB,N,N1,"중국과학원의 개혁, 혁신, 발전",B090039,이춘근,2005  
KWDI00014431,0,RB,M,M6,특수교육에서의 여학생 교육실태와 정책과제,B552118,정해숙,2005  
KIPF00013435,0,RB,B,B3,상속 증여세의 경제적 효과 연구,B090002,김진,2006  
KREI00013436,0,RB,O,O4,기후변화협약에 대응한 산림의 역할과 관리 최적화 방안,B090028,이상민,2010  
STEPI00000425,0,RB,N,N1,2010년도 한국의 기술혁신조사: 제조업부문,B090039,하태정,2010  
KIEP00014443,0,RB,B,B1,일본경제의 구조변화와 한국에 대한 시사점,B090003,정성춘,2006  
KIEP00014462,0,RC2,K,K1,지역무역협정(RTA)에 따른 생산성효과 분석,B090003,이홍식,2006  
KIEP00014464,0,M,B,B1,NAFTA 이후 멕시코 경제의 변화와 시사점,B090003,이창수,2008  
KRIVET00002071,0,RB,D,D1,산학협력 활성화를 위한 1사1교 협약 지원 사업,B090013,홍선이,2009  
KICCE00014599,0,RO,M,M2,만5세 공통과정 시행 방안 연구 -「5세 누리과정」개발을 중심으로-,B552655,서문희,2011  
B09002700024284,0,M,M,M1,OECD 교육지표 2011 Education at a Glance OECD Indicators 2011,B090027,신익현,2011  
KWDI00005441,0,RG,I,I1,성인지적 예산분석 사례(4) 사회적일자리 창출 사업의 성인지적 평가,B552118,원종학,2009  
KRIHS00000341,0,RB,L,L7,기후변화에 안전한 재해통합대응 도시 구축방안 연구(Ⅱ),B090029,심우배,2010  
KRIHS00013121,0,RB,F,F1,EUROPEAN PORT-CITY INTERFACE AND ITS ASIAN APPLICATION,B090029,Cesar Ducruet,2005  
KISDI00007450,0,RC1,H,H1,방통융합 환경 하에서의 창의성 개념 정립과 정책방향 연구,B552126,김대호,2009  
KISDI00007467,0,M,H,H2,영상콘텐츠의 일상화에 따른 인지방식의 변화,B552126,김성도,2009  
KDI00013650,0,RB,B,B6,2005년 국가예산과 정책목표 중장기 정책우선순위와 재정운영방향,B090001,강동수,2005  
KIC00011181,0,RB,L,L5,수형자의 법질서 확립방안에 관한 연구,B551368,연성진,2009  
KIHASA00010895,0,RB,I,I3,평균수명 연장에 따른 자녀가치와 출산율 관계 연구,B090011,김은정,2010  
KIPF00014728,0,RG,B,B4,금융소득 및 금융거래 관련 과세특례에 대한 연구,B090002,안종석,2005  
KIC00014036,0,RB,L,L6,소년보호관찰대상자에 대한 분류평가도구 개발에 관한 연구,B551368,김양곤,2005  
KIC00010202,0,RB,L,L5,추징금징수의 실효성 확보를 위한 법제도 정비방안,B551368,박미숙,2008  
KICE00010203,0,RB,M,M1,기초학력 증진을 위한 정책 개발 기초 연구,B090007,조난심,2009  
KIHASA00009654,0,RB,I,I1,2008 빈곤통계연보,B090011,김태완,2008  
KLRI00004166,0,M,L,L5,표준비용모델 측정사례,B090015,이종한,2009  
KICCE00015523,0,RB,M,M2,육아지원인력양성교육과정모형개발연구,B552655,이미화,2007  
KICCE00015524,0,RB,M,M2,한국의 육아지표 개발 및 정책 모니터링 방안 연구,B552655,장명림,2007  
KIEP00000069,0,M,K,K1,전 세계적 양극화 추세와 해외 주요국의 대응,B090003,김흥종,2005  
KREI00013415,0,M,O,O2,쌀산업 발전을 위한 대 토론회,B090028,박동규,2010  
KISDI00015365,0,RG,H,H4,디지털시대의 문화욕구와 라이프스타일,B552126,유승호,2005  
NRCS00012243,0,RC2,C,C1,(2010년 대중국 종합연구) 고령친화용품산업 수요기반 강화를 위한 중국시장 연계방안,B551541,김수봉,2010  
KEI00007724,0,RO,P,P2,셀렝게유역 통합물환경관리모델 개발사업 III,B090026,추장민,2010  
NRCS00000780,0,RC1,D,D5,베이비부머 은퇴 대비 정책개발 연구 : 인적자원관리와 관련산업 활성화를 중심으로,B551541,윤석명,2011  
NRCS00000800,0,RC2,A,A1,對중국협동연구사업 기초심층과제 : 문화분야,B551541,백영서,2011  
KRIHS00012666,0,RB,F,F1,낙후지역 활성화를 위한 지역개발법인 활용방안 연구: 개발촉진지구를 중심으로,B090029,이원섭,2006  
KEEI00012667,0,RB,E,E1,최적화 모형을 통한 지역냉난방열의 잠재비용 추정에 관한 연구,B410018,최병렬,2005  
KISDI00008663,0,M,H,H1,디지털 컨버전스의 미래 이슈와 미디어 정책,B552126,디지털 컨버전스 미래포럼,2010  
B09002700024283,0,M,M,M3,2011 고등교육기관 졸업자 건강보험DB연계 취업통계연보,B090027,김응권,2011  
KIC00003545,0,RB,L,L6,조직폭력범죄의 대책에 관한 연구,B551368,조병인,2007  
NYPI00003546,0,RC2,I,I2,변화하는 가족과 청소년기 사회화과정 : 국제비교,B551923,김현철,2007  
NYPI00003547,0,RC2,I,I2,청소년기 사회화 담론의 근대적 기원과 그 영향,B551923,김현철,2007  
KWDI00013083,0,RB,D,D5,사회적 양극화와 인적자원개발: 선진국 사례 연구,B552118,정원호,2006  
KREI00013929,0,M,O,O2,과수 원예산업 정책의 선진화를 위한 과제,B090028,박효근,2008  
B09002700024280,0,M,M,M1,"그림으로보는 유초중등 교육2：학교수, 기간제교원",B090027,한국교육개발원,2011  
B09002700024282,0,M,M,M1,평생교육 통계편람,B090027,김양철,2011  
AURI00013744,0,RO,L,L5,건축법의 체계적인 정비를 위한 기본방향 연구,B552131,유광흠,2010  
KREI00015545,0,RB,O,O3,축산업 면허제에 대한 연구,B090028,전상곤,2010  
KREI00015546,0,RB,O,O2,해외농업개발과 협력의 연계,B090028,권태진,2010  
KINU00015145,0,M,K,K4,일본총선 결과 분석,B010002,김영춘,2005  
KIHASA00009655,0,RB,J,J1,의료급여 사례관리 및 효과분석 Ⅱ,B090011,신영석,2008  
KEI00009681,0,RB,P,P4,국내 대기오염규제의 온실가스 저감효과 제고방안,B090026,김호석,2009  
KLRI00006297,0,RB,B,B2,재정수반법률안에 대한 입법평가 방안 연구,B090015,임명현,2007  
KLRI00006298,0,RB,I,I2,청소년보호 관련법령의 법령용어와 문장의 문제점과 개선방안,B090015,도중진,2007  
KLRI00006299,0,RB,B,B5,회사관련법규의 미국모델수렴에 관한 연구 : 국내법상 적합한 회사지배구조모델 수립을 위하여,B090015,박찬호,2007  
KINU00013501,0,M,K,K3,North Korea s Negotiation Behavior toward South Korea : Continuities and Changes in the Post Inter-Korean Summit Era,B010002,"Huh, Moon-Young",2006  
KINU00013502,0,M,K,K3,The Establishment of Peace on the Korean Peninsula and the Outlook for Unification,B010002,"Cho, Min",2006  
B09002700024278,0,M,M,M1,평생교육통계자료집,B090027,김영철,2011  
B09002700024279,0,M,M,M1,그림으로보는 유초중등 교육1：조기유학현황,B090027,한국교육개발원,2011  
KISDI00006609,0,M,H,H1,글로벌 미디어 환경의 수용과 문화정체성,B552126,김영찬,2008  
KISDI00006611,0,M,H,H1,다중미디어환경에서의 수용자의 특성과 미디어선택,B552126,황하성,2008  
KLRI00013071,0,M,L,L5,특별부담금의 헌법적 정당화 요소에 대한 연구,B090015,김성수,2005  
KINU00014851,0,RC2,K,K4,동북아 지역인권체제(포럼)구성 추진,B010002,최의철,2005  
KRIVET00014853,0,RG,D,D5,New Paradigm of Human Resources Development,B090013,김장호,2005  
KRIHS00012767,0,RB,F,F2,개발가능지의 합리적 선정을 위한 토지형상기준 도입방안,B090029,김정훈,2005  
KICE00013379,0,RB,M,M3,2004년 국가수준 학업성취도 평가 연구 :  사회,B090007,이양락,2005  
KREI00013392,0,RB,O,O2,동북아농정연구포럼(FANEA) 2009 활동보고서,B090028,박기환,2009  
KREI00011191,0,RB,O,O2,지식기반사회에서의 농촌지역경제 활성화 전략,B090028,박시현,2007  
KRIHS00013308,0,RB,G,G1,통행수요 추정의 신뢰수준 제고방안 연구 - 구간 통행수요 모형 개발을 중심으로 -,B090029,정일호,2005  
KDI00013689,0,RC2,I,I3,인구고령화와 교육 인력개발,B090001,이삼호,2005  
KIHASA00015223,0,RB,I,I4,2005년도 전국 결혼 및 출산동향조사,B090011,이삼식,2005  
KRIVET00014882,0,RB,D,D5,직업훈련시장의 구조와 특성(II): 직업훈련기관 및 과정구조 분석,B090013,오영훈,2005  
KINU00014901,0,RC2,K,K4,동북아 NGO 백서,B010002,전봉근,2005  
KRIVET00001562,0,RB,D,D1,한국인의 직업의식 및 직업윤리(2010),B090013,임언,2010  
KIET00014301,0,M,K,K3,북한의 산업발전 전략과 남북경협,B090008,이석기,2005  
KIET00014302,0,M,C,C4,2005년  제조업 외국인투자 현황,B090008,동향분석실,2005  
KIET00014303,0,M,C,C4,중국 급성장에 따른 주요 산업별 여건평가와 정책적 시사점,B090008,장석인,2005  
KEDI00013353,0,RB,M,M5,평생교육 참여 실태 분석 연구,B090027,최운실,2005  
KWDI00012944,0,RO,L,L1,"차기정부 여성, 가족정책 10대 과제",B552118,변화순,2007  
B09002700024277,0,M,M,M1,Brief Statistics On Korean Education,B090027,Ik-Hyun Shin,2011  
KLRI00002264,0,M,B,B2,미국 재정법상 PAYGO 준칙에 관한 연구,B090015,김도승,2010  
KIHASA00010871,0,RB,J,J1,자살의 원인과 대책 연구: 정신의학적 접근을 넘어서,B090011,강은정,2010  
KIHASA00010872,0,RB,J,J5,한국 노인의 삶의 변화 분석 및 전망,B090011,이윤경,2010  
STEPI00002696,0,RB,N,N1,기술과 서비스의 결합을 통한 서비스 산업 혁신 전략,B090039,장병열,2007  
B09002700024275,0,M,M,M1,통계로 본 한국과 세계교육 시리즈8：교육경쟁력,B090027,공은배,2011  
KEDI00011882,0,RB,M,M1,OECD 교육부문 협력연구사업 참여 실태 분석,B090027,정봉근,2006  
KEDI00011885,0,RB,M,M1,지역혁신을 위한 평생학습도시 지원체제 구축방안 연구,B090027,변종임,2006  
KEDI00011886,0,RB,M,M1,KEDI 종합검사도구 개발 연구(Ⅱ) : 가정특성과 학교특성을 중심으로,B090027,박현정,2006  
KREI00013132,0,M,O,O2,농업 농촌에 대한 2008  년 국민의식 조사결과,B090028,김동원,2008  
KREI00013954,0,M,O,O2,농정선진화를 위한 지방농업행정의 발전과제,B090028,오세익,2008  
NYPI00012665,0,RC2,I,I2,청소년 성소수자의 생활실태 조사,B551923,강병철,2006  
KOTI00012692,0,RB,G,G3,차량자동인식 및 전자등록인식 국제표준의 국내 적용 방안 연구,B552071,문영준,2006  
KEI00008641,0,RB,P,P1,국내 자원순환지표 변화 추이,B090026,김광임,2010  
KEI00008642,0,RB,P,P1,나노물질의 안전한 사용을 위한 환경·사회안전망 구축방안 연구,B090026,홍용석,2010  
KIEP00009122,0,M,K,K5,중국의 WTO 가입 5주년 결산 : 중국의 대외경제정책과 한·중 관계 변화를 중심으로,B090003,양평섭,2007  
KIET00001768,0,RC2,C,C4,중국 부품소재 유통구조 분석과 주요 유통업체 디렉토리,B090008,김석진,2010  
KIHASA00015227,0,RC2,I,I3,저출산 대책 수립을 위한 국제공동정책 연구,B090011,한국보건사회연구원,2005  
KRIHS00013109,0,RB,F,F3,민간제안에 의한 도시개발사업의 실태와 발전방안,B090029,윤혜정,2005  
KLI00005107,0,M,D,D1,’87년 이후 노동조합과 노동운동 -한국 노사관계 시스템의 변화와 미래전망-,B090012,배규식,2008  
KISDI00013003,0,RB,H,H2,다채널 방송시장에서의 프로그램 접근에 관한 연구,B552126,이상우,2006  
KIC00003402,0,RB,L,L6,한국의 범죄현상과 형사정책(2007),B551368,김지선,2007  
KLRI00004081,0,M,O,O2,농지규제법제에 대한 입법평가,B090015,김수용,2009  
KINU00005842,0,M,K,K3,국군포로·납북자 문제 해결방안,B010002,김수암,2007  
KEI00005861,0,RB,P,P1,도시기본계획의 환경부문 계획 수립 실태 및 개선방안에 관한 연구,B090026,최준규,2008  
KWDI00013761,0,RB,D,D5,차세대 성장동력 산업분야 여성고급과학기술인력 양성 방안,B552118,신선미,2006  
KREI00013129,0,RB,O,O2,일본의 식품산업정책,B090028,최정섭,2008  
KREI00013130,0,M,O,O1,쌀 관세화유예 3년의 평가와 향후 방향,B090028,박동규,2008  
KLRI00013131,0,M,L,L5,인허가의제제도에 관한 법제연구,B090015,송영선,2005  
KINU00004361,0,M,K,K3,북한인권백서 2007,B010002,김수암,2007  
B09002700024269,0,M,M,M3,그림으로 보는 고등교육 2,B090027,한국교육개발원,2011  
B09002700024271,0,M,M,M3,그림으로 보는 고등교육 4,B090027,한국교육개발원,2011  
B09002700024274,0,M,M,M1,통계로 본 한국과 세계교육 시리즈7：유아교육 및 보육,B090027,공은배,2011  
KIHASA00015225,0,RB,J,J1,인구관련 교과내용 실태와 개선방향,B090011,이삼식,2005  
STEPI00000747,0,RG,N,N1,기업부문 과학기술혁신지표 연구 : 제4권 고성장기업의 전략과 혁신특성,B090039,김석현,2010  
KISDI00015683,0,RC2,I,I4,정보화로 인한 가족관계와 가족역할의 미래변화 －미래 가족의 교육 기능 변화 전망－,B552126,원영희,2006  
KRIVET00014907,0,RB,D,D5,직업교육체제 혁신 추진계획,B090013,박태준,2005  
KLRI00004342,0,M,H,H1,주요국가의 방송통신법제에 관한 비교법적 연구 : 프랑스,B090015,한동훈,2009  
KLRI00004343,0,M,L,L5,이슬람법이론 및 금융법제,B090015,한동훈,2009  
KEI00013299,0,RO,P,P1,녹색구매 대상제품의 화학적 안전성 제고를 위한 정책연구,B090026,신용승,2005  
KEI00013268,0,RB,P,P1,도시토지이용의 생태 효율 제고방안 연구,B090026,박창석,2005  
KRIVET00013269,0,RB,D,D1,민간자격 국가공인제도의 성과분석,B090013,김현수,2006  
STEPI00012566,0,RB,N,N1,미래전략산업 육성을 위한 차세대 기술혁신 방식 : 분석 및 전략제언,B090039,조현대,2005  
STEPI00000441,0,RB,N,N4,광역경제권 지역기술혁신전략의 추진방안,B090039,김기국,2009  
KEEI00001367,0,RO,E,E1,수송용 석유류 조세체계 현황 및 적정화 방안,B410018,박용덕,2007  
KEEI00001368,0,RO,E,E1,주요국의 에너지경영시스템 추진현황 및 국내 도입방안 연구,B410018,임기추,2007  
KINU00014841,0,RG,K,K3,제4차 6자회담 합의 이행구도,B010002,전현준,2005  
KRIVET00014845,0,RG,D,D1,교육과 노동시장 연계를 위한 지식정보자원 통합 Gateway 구축 및 서비스 운영: KRIVET 지식학습망 구축,B090013,송창용,2005  
KRIVET00014847,0,RG,D,D5,직업교육 교수·학습 방법 우수사례 발굴·보급(2005),B090013,장명희,2005  
KINU00014848,0,RC2,K,K4,동북아 평화문화 형성을 위한 인프라 구축방안,B010002,전성훈,2005  
KMI00014423,0,RB,K,K4,1951년 샌프란시스코조약과 독도영유권에 관한 연구,B090014,정갑용,2005  
KINU00014838,0,RG,K,K3,6·15 남북공동선언 재조명 : 이론과 실제,B010002,홍용표,2005  
KINU00005581,0,M,K,K3,A Study on the Reality and Prospect of Economic Reform in North Korea: Tasks for Successful Transformation of the North Korean System,B010002,"Kim, Young-Yoon",2007  
KINU00005601,0,M,K,K3,North Korea's Agricultural Reforms and Challenges in the wake of the July 1 Measures,B010002,"Choi, Soo Young",2007  
KLRI00005621,0,M,M,M6,장애인등에 대한 특수교육법 제정의 의미와 향후과제,B090015,정영조,2007  
KRIVET00001524,0,RB,D,D5,중소기업 직업능력개발 유인체계 구축,B090013,박윤희,2010  
KEDI00004407,0,RB,M,M6,탈북청소년의 교육 종단연구 (Ⅰ): 예비조사 및 연구설계,B090027,한만길,2010  
KLI00004408,0,RC1,D,D1,농촌지역 노동시장과 고용기회 : 통계분석과 사례분석으로부터 얻는 시사점,B090012,이승렬,2007  
KINU00013503,0,M,K,K3,A Study on the Structure of Industry in North Korea,B010002,"Choi, Soo-Young",2006  
KINU00013504,0,M,K,K3,The Border-crossing North Koreans: Current Situations and Future Prospects,B010002,Keumsoon Lee,2006  
KINU00013505,0,M,K,K3,North Korea's Human Resource Development System,B010002,"Cho, Jeong-Ah",2006  
KIPF00014724,0,RG,B,B3,손익대체형 기업집단세제의 도입 가능성 - 영국 및 미국 기업집단세제의 비교를 중심으로 -,B090002,이준규,2005  
NYPI00010345,0,RB,J,J4,한국 청소년 발달지표 조사 Ⅲ : 청소년종합통계체제 구축방안 연구,B551923,김형주,2008  
KRIVET00014880,0,RB,D,D5,산업부문별 인적자원개발과 숙련수요,B090013,김미란,2005  
KEEI00001890,0,M,E,E1,2007년 하반기 국제 원유시황과 유가 전망,B410018,이달석,2007  
KINU00001894,0,RB,K,K3,중국의 대북 정책과 2·13합의에 대한 입장,B010002,최춘흠,2007  
KICE00006741,0,RB,M,M1,교과 교육과정 설계를 위한 교과지식의 재구조화 방안 연구,B090007,김국현,2010  
B09002700024267,0,M,M,M1,다문화가족 교육관계자 지원 프로그램,B090027,김승권,2011  
B09002700024268,0,M,M,M3,그림으로 보는 고등교육 1,B090027,한국교육개발원,2011  
KREI00014723,0,RB,L,L5,식품안전기본법 시행에 따른 농식품 안전관리 체계 개편방향: 중앙 및 지방정부의 역할 정립을 중심으로,B090028,황윤재,2009  
KEDI00004328,0,RC1,M,M6,다문화가정 부모와 유아를 위한 이중언어 학습지원 프로그램 개발 및 운영방안 연구,B090027,장명림,2010  
KREI00009001,0,RB,O,O2,농업관련산업의 GDP와 종사자 수 측정,B090028,김철민,2007  
KWDI00011382,0,RC2,J,J1,경제위기에 따른 취약계층의 변화실태와 사회안전망 평가 및 향후 대책방안 : 젠더적 관점의 Human New Deal 정책,B552118,변화순,2010  
B09002700024264,0,M,M,M3,다문화가정 초등학생의 입학초기 학교적응 프로그램-중도입국학생[학부모용(베트남어)],B090027,이재분,2011  
B09002700024266,0,M,M,M3,다문화가정 초등학생의 입학초기 학교적응 프로그램-중도입국학생[학부모용-(러시아어)],B090027,이재분,2011  
STEPI00002623,0,RB,N,N2,기업집적(clustering)과 기업의 기술혁신,B090039,이창양,2007  
KIHASA00010842,0,RB,J,J1,한국 제3섹터 육성방안에 대한 연구,B090011,노대명,2010  
B09002700024259,0,M,M,M3,다문화가정 초등학생의 입학초기 학교적응 프로그램-한국에서 태어나고 자란 학생[학부모용(러시아어)],B090027,이재분,2011  
B09002700024261,0,M,M,M3,다문화가정 초등학생의 입학초기 학교적응 프로그램-중도입국 학생(교사용),B090027,이재분,2011  
B09002700024262,0,M,M,M3,다문화가정 초등학생의 입학초기 학교적응 프로그램-중도입국 학생(학부모용),B090027,이재분,2011  
KOTI00008001,0,RB,G,G1,초고층 수직도시에 적합한 신교통체계 개발방향 연구,B552071,유정복,2010  
STEPI00012580,0,RB,N,N1,선진경제 진입을 위한 과학기술정책 비전과 과제 - 선진형 국가기술혁신체계의 모색과 정책과제 -,B090039,홍사균,2005  
STEPI00012586,0,RB,N,N1,기술혁신에 대한 노사관계의 영향 - 이론적 모델과 경험적 증거에 대한 연구 -,B090039,심상완,2005  
STEPI00012592,0,RB,N,N1,혁신시스템 이론의 비교분석과 정책적 시사점,B090039,성태경,2005  
STEPI00012597,0,RB,N,N1,기술경제학의 다양한 접근을 종합한 기술추격론의 재구성,B090039,이 근,2005  
KEEI00000460,0,RB,E,E1,에너지설비 산업의 해외진출 확대연구 - 동아시아권·중동권,B410018,정웅태,2009  
KEEI00000461,0,RB,E,E2,기술경제 분석을 통한 미래 에너지시스템 구축 전망 - 미래에너지 전망모형 구축 기반 연구,B410018,안지운,2009  
KEEI00000486,0,RB,E,E1,에너지부문의 기후변화 대응과 연계한 녹색성장 전략 연구 - 녹색성장 추진 기반구축 연구,B410018,오진규,2009  
KEEI00000487,0,RB,E,E1,에너지 부문의 기후변화대응과 연계한 녹색성장 전략연구 - 기후대응 녹색에너지산업의 성장잠재력분석,B410018,심성희,2009  
STEPI00012547,0,RB,N,N1,기술혁신 관점의 경제성장예측모형 구축방법론,B090039,이재억,2005  
KDI00001386,0,RB,B,B1,SOC 투자의사결정 합리화 방안(Ⅱ): 철도 부문 교통량 추정 위험분석을 중심으로,B090001,김강수,2010  
KDI00001387,0,RB,B,B1,경제성장을 위한 사법적 기반의 모색(Ⅲ): 민사판결에 대한 동의 수준의 제고방안,B090001,김두얼,2010  
KDI00001388,0,RB,D,D2,고용촉진관련 채용장려금 제도의 평가 및 개선방향,B090001,김용성,2010  
KIC00014034,0,RB,L,L6,법원의 부모교육명령제도에 관한 연구,B551368,김지선,2005  
KRIVET00014946,0,RB,D,D5,청년층의 노동시장 이행과 인적자원개발(Ⅰ): 대졸 청년층의 대학교육 만족도,B090013,채창균,2005  
KREI00014947,0,M,O,O2,유럽의 농촌지역 사회적기업 현황과 시사점,B090028,엄형식,2010  
B09002700024256,0,M,M,M3,다문화가정 초등학생의 입학초기 학교적응 프로그램-한국에서 태어나고 자란 학생[학부모용(몽골어)],B090027,이재분,2011  
KLRI00006319,0,RB,L,L3,일본의 지방재정제도 개혁 : 세원이양을 중심으로,B090015,장교식,2007  
NYPI00006320,0,RB,I,I2,청소년의 글로벌 시티즌십 강화 방안 연구 : 관련 프로그램을 중심으로,B551923,윤철경,2010  
KREI00007602,0,M,O,O2,농업인력정책의 문제와 과제,B090028,정호근,2007  
KREI00007603,0,RB,O,O2,2007 농촌 정주수요 조사결과,B090028,송미령,2007  
STEPI00002605,0,RB,N,N2,생명공학기술혁신에서의 집단간 차이 변수의 정책적 함의:약물유전체학과 맞춤형 의료를 중심으로,B090039,안성우,2007  
KIEP00015981,0,RB,K,K1,인도의 대외경제정책과 한.인도 경제협력 강화방안,B090003,庾泰還,2005  
NRCS00000020,0,RC2,B,B1,한국 경제·사회 선진화의 조건(Ⅱ) : 녹색성장지표,B551541,강상인,2010  
KEEI00000502,0,RO,E,E1,바이오디젤 보급 정책의 경제성 및 환경성 평가,B410018,배정환,2009  
KEEI00000408,0,RB,E,E2,미래 수소경제 실현을 위한 기반구축 연구 - 수소생산이 에너지 시장에 미치는 파급효과 분석,B410018,노동운,2009  
KIPA00013946,0,RB,L,L1,균형발전 영향평가제도 도입방안 연구,B090006,조남건,2005  
KIPA00013947,0,RB,L,L3,예산관리시스템 개혁연구,B090006,권오성,2005  
KIPF00013440,0,RB,B,B2,균형발전특별회계의 평가와 발전방향,B090002,김정훈,2006  
KIPF00014713,0,M,B,B3,법인소득과세의 이론과 현실 -국내외의 연구성과 개관-,B090002,곽태원,2005  
KRIVET00014981,0,RB,D,D5,지방자치단체의 고용과 인적자원개발정책: 총괄편,B090013,김안국,2005  
KICCE00014453,0,RB,I,I6,다문화 가정 영유아 지원 효율화 방안 연구,B552655,김은영,2010  
KIHASA00009656,0,RB,J,J1,의료급여 선택병의원제도 모니터링에 관한 연구,B090011,신현웅,2008  
NYPI00012657,0,RC2,I,I2,지역사회 중심의 청소년 문제행동 대책,B551923,김영지,2006  
KEEI00012658,0,RB,E,E1,에너지 산업연관표 작성,B410018,심상렬,2005  
KEI00005801,0,RO,P,P1,상하수도 부문 전략적 재정계획 - 한국의 사례,B090026,문현주,2008  
KREI00004982,0,RB,K,K2,한·미  FTA 영향분석 및 국내대책 연구,B090028,최세균,2007  
KLRI00004983,0,M,L,L5,국유재산법 전면개정안 연구,B090015,이동식,2008  
KIPF00001045,0,M,B,B2,재정성과관리제도의 국제적 동향과 시사점: 주요 쟁점을 중심으로,B090002,박노욱,2009  
KIPF00001046,0,M,B,B1,한국의 산업별 수익률 및 사용자 비용 추계(1970~2006),B090002,표학길,2009  
STEPI00002086,0,RB,N,N2,R&D 아웃소싱의 기술혁신 및 생산성향상 기여에 대한 실증분석,B090039,서환주,2009  
KIEP00000060,0,RB,C,C4,중국의 산업고도화 및 기업성장의 현황과 시사점 : 중국 위협의 재평가,B090003,池晩洙,2005  
KIPF00013425,0,RB,B,B2,재정준칙의 필요성 및 도입 방안에 관한 연구,B090002,박형수,2006  
KRIVET00013258,0,RB,D,D5,과학기술분야 해외박사의 진로와 고급인적자원정책,B090013,진미석,2006  
KRIHS00013126,0,RB,F,F1,국가균형발전을 위한 지역개발투자재원 확보방안 연구,B090029,이동우,2005  
KREI00013127,0,M,O,O2,지역균형발전 정책의 새로운 도전과 구상,B090028,조용원,2008  
KREI00013424,0,RB,O,O2,농산물 물류체계 진단과 효율화 방안,B090028,전창곤,2009  
KISDI00008701,0,M,H,H1,건강한 모바일 생태계 구축을 위한 10대 정책아젠다,B552126,모바일 인터넷 포럼,2010  
KISDI00007527,0,M,H,H1,컨버전스 시대의 경제 패러다임 변화 연구,B552126,조남재,2009  
KEI00007528,0,RB,P,P5,재생에너지의 환경성 평가 및 활성화 방안 폐자원을 중심으로,B090026,이희선,2010  
KISDI00013158,0,RB,H,H1,컨버전스 시장에서 고객기반의 영향력에 관한 연구,B552126,김용철,2006  
KRIHS00012878,0,RB,F,F1,근린주구 보행활성화를 위한 보행친화적 환경요소의 계량화:  주거지역의 보행친화도 평가를 위한 기초연구,B090029,박소현,2006  
NRCS00012879,0,RC2,P,P1,(2010년 대중국 종합연구) 중국의 환경문제와 정책에 관한 한·중 공동연구,B551541,추장민,2010  
KEDI00013330,0,RB,M,M3,고교 평준화 정책의 적합성 연구(Ⅲ) : 학교 교육의 실태와 보완과제,B090027,강영혜,2005  
NRCS00011029,0,RC2,O,O2,(2010년 대중국 종합연구) 중국의 친환경농식품 시장 현황과 전망,B551541,전형진,2010  
KIHASA00011026,0,RB,J,J1,아시아 국가의 사회안전망,B090011,홍석표,2010  
KISDI00015329,0,RC2,M,M1,지속발전을 위한「인적자원확보 국가시스템」의 혁신: 창의성 제고를 중심으로,B552126,박태준,2005  
KICCE00015597,0,RB,M,M2,Early Childhood Education and Care Policy in Korea,B552655,서문희,2010  
KIC00010887,0,RB,L,L6,형법각칙 개정안,B551368,전지연,2009  
KIHASA00010890,0,RB,I,I3,"생애주기변화와 출산행태 간의 상관성에 관한 연구 : 교육, 경제활동 및 결혼을 중심으로",B090011,이삼식,2010  
KIC00004121,0,RB,L,L5,신종 인터넷 사기의 실효적 규제,B551368,홍승희,2007  
KRIHS00013124,0,RB,E,E3,생태적 도시개발을 위한 물순환 체계 확보방안 연구 : 분산식 빗물관리를 중심으로,B090029,한영해,2005  
KRIHS00013125,0,RB,F,F5,환동해경제권 형성을 선도하기 위한 동해안지역의 대외전략,B090029,김원배,2005  
KIC00010404,0,RB,L,L6,형사특별법 정비방안(1) - 형사특별법 정비를 위한 이론적 기초,B551368,도중진,2008  
KIEP00010421,0,M,C,C4,동아시아 지역의 산업별 생산분할 특징과 시사점,B090003,방호경,2008  
KMI00004141,0,RB,C,C5,해양관광 활성화를 위한 해양문화콘텐츠 활용방안 연구,B090014,이원갑,2010  
KIEP00010403,0,M,K,K2,한·중·일 대인도네시아 FTA 체결에 따른 인도네시아 시장 접근성 비교,B090003,김한성,2008  
